year,region,anomaly
1880,Global,-0.18
1880,Northern Hemisphere,-0.3
1880,Southern Hemisphere,-0.05
1880,North Tropics–High,-0.4
1880,Equatorial Band,-0.14
1880,South Tropics–High,-0.02
1880,Northern High Lats,-0.81
1880,Northern Mid Lats,-0.53
1880,Northern Low–Mid Lats,-0.3
1880,Northern Tropics,-0.16
1880,Southern Tropics,-0.11
1880,Southern Low–Mid Lats,-0.04
1880,Southern Mid Lats,0.05
1880,Antarctic Lats,0.69
1881,Global,-0.1
1881,Northern Hemisphere,-0.2
1881,Southern Hemisphere,0
1881,North Tropics–High,-0.37
1881,Equatorial Band,0.09
1881,South Tropics–High,-0.07
1881,Northern High Lats,-0.92
1881,Northern Mid Lats,-0.49
1881,Northern Low–Mid Lats,-0.21
1881,Northern Tropics,0.09
1881,Southern Tropics,0.1
1881,Southern Low–Mid Lats,-0.06
1881,Southern Mid Lats,-0.07
1881,Antarctic Lats,0.61
1882,Global,-0.12
1882,Northern Hemisphere,-0.23
1882,Southern Hemisphere,-0.01
1882,North Tropics–High,-0.33
1882,Equatorial Band,-0.06
1882,South Tropics–High,0.01
1882,Northern High Lats,-1.41
1882,Northern Mid Lats,-0.3
1882,Northern Low–Mid Lats,-0.17
1882,Northern Tropics,-0.06
1882,Southern Tropics,-0.05
1882,Southern Low–Mid Lats,0.01
1882,Southern Mid Lats,0.04
1882,Antarctic Lats,0.64
1883,Global,-0.18
1883,Northern Hemisphere,-0.29
1883,Southern Hemisphere,-0.07
1883,North Tropics–High,-0.36
1883,Equatorial Band,-0.17
1883,South Tropics–High,-0.01
1883,Northern High Lats,-0.18
1883,Northern Mid Lats,-0.57
1883,Northern Low–Mid Lats,-0.27
1883,Northern Tropics,-0.19
1883,Southern Tropics,-0.16
1883,Southern Low–Mid Lats,-0.04
1883,Southern Mid Lats,0.07
1883,Antarctic Lats,0.52
1884,Global,-0.29
1884,Northern Hemisphere,-0.44
1884,Southern Hemisphere,-0.15
1884,North Tropics–High,-0.62
1884,Equatorial Band,-0.15
1884,South Tropics–High,-0.14
1884,Northern High Lats,-1.31
1884,Northern Mid Lats,-0.66
1884,Northern Low–Mid Lats,-0.48
1884,Northern Tropics,-0.14
1884,Southern Tropics,-0.17
1884,Southern Low–Mid Lats,-0.19
1884,Southern Mid Lats,-0.02
1884,Antarctic Lats,0.67
1885,Global,-0.34
1885,Northern Hemisphere,-0.45
1885,Southern Hemisphere,-0.24
1885,North Tropics–High,-0.67
1885,Equatorial Band,-0.14
1885,South Tropics–High,-0.27
1885,Northern High Lats,-1.5
1885,Northern Mid Lats,-0.7
1885,Northern Low–Mid Lats,-0.47
1885,Northern Tropics,-0.08
1885,Southern Tropics,-0.21
1885,Southern Low–Mid Lats,-0.33
1885,Southern Mid Lats,-0.15
1885,Antarctic Lats,0.84
1886,Global,-0.32
1886,Northern Hemisphere,-0.45
1886,Southern Hemisphere,-0.2
1886,North Tropics–High,-0.58
1886,Equatorial Band,-0.21
1886,South Tropics–High,-0.21
1886,Northern High Lats,-1.59
1886,Northern Mid Lats,-0.52
1886,Northern Low–Mid Lats,-0.41
1886,Northern Tropics,-0.23
1886,Southern Tropics,-0.19
1886,Southern Low–Mid Lats,-0.2
1886,Southern Mid Lats,-0.2
1886,Antarctic Lats,0.61
1887,Global,-0.37
1887,Northern Hemisphere,-0.45
1887,Southern Hemisphere,-0.29
1887,North Tropics–High,-0.53
1887,Equatorial Band,-0.32
1887,South Tropics–High,-0.28
1887,Northern High Lats,-1.76
1887,Northern Mid Lats,-0.52
1887,Northern Low–Mid Lats,-0.3
1887,Northern Tropics,-0.34
1887,Southern Tropics,-0.31
1887,Southern Low–Mid Lats,-0.27
1887,Southern Mid Lats,-0.26
1887,Antarctic Lats,0.34
1888,Global,-0.18
1888,Northern Hemisphere,-0.25
1888,Southern Hemisphere,-0.11
1888,North Tropics–High,-0.43
1888,Equatorial Band,0.08
1888,South Tropics–High,-0.28
1888,Northern High Lats,-1.3
1888,Northern Mid Lats,-0.45
1888,Northern Low–Mid Lats,-0.25
1888,Northern Tropics,0.03
1888,Southern Tropics,0.14
1888,Southern Low–Mid Lats,-0.31
1888,Southern Mid Lats,-0.22
1888,Antarctic Lats,0.17
1889,Global,-0.11
1889,Northern Hemisphere,-0.19
1889,Southern Hemisphere,-0.04
1889,North Tropics–High,-0.3
1889,Equatorial Band,0.06
1889,South Tropics–High,-0.16
1889,Northern High Lats,-0.68
1889,Northern Mid Lats,-0.24
1889,Northern Low–Mid Lats,-0.28
1889,Northern Tropics,-0.02
1889,Southern Tropics,0.15
1889,Southern Low–Mid Lats,-0.15
1889,Southern Mid Lats,-0.15
1889,Antarctic Lats,0.46
1890,Global,-0.36
1890,Northern Hemisphere,-0.4
1890,Southern Hemisphere,-0.32
1890,North Tropics–High,-0.47
1890,Equatorial Band,-0.38
1890,South Tropics–High,-0.22
1890,Northern High Lats,-1.14
1890,Northern Mid Lats,-0.58
1890,Northern Low–Mid Lats,-0.28
1890,Northern Tropics,-0.3
1890,Southern Tropics,-0.47
1890,Southern Low–Mid Lats,-0.17
1890,Southern Mid Lats,-0.27
1890,Antarctic Lats,0.17
1891,Global,-0.23
1891,Northern Hemisphere,-0.27
1891,Southern Hemisphere,-0.19
1891,North Tropics–High,-0.42
1891,Equatorial Band,-0.09
1891,South Tropics–High,-0.21
1891,Northern High Lats,-1.11
1891,Northern Mid Lats,-0.34
1891,Northern Low–Mid Lats,-0.36
1891,Northern Tropics,-0.02
1891,Southern Tropics,-0.17
1891,Southern Low–Mid Lats,-0.18
1891,Southern Mid Lats,-0.24
1891,Antarctic Lats,-0.14
1892,Global,-0.28
1892,Northern Hemisphere,-0.4
1892,Southern Hemisphere,-0.15
1892,North Tropics–High,-0.43
1892,Equatorial Band,-0.31
1892,South Tropics–High,-0.08
1892,Northern High Lats,-1.11
1892,Northern Mid Lats,-0.66
1892,Northern Low–Mid Lats,-0.17
1892,Northern Tropics,-0.36
1892,Southern Tropics,-0.26
1892,Southern Low–Mid Lats,0.02
1892,Southern Mid Lats,-0.21
1892,Antarctic Lats,0.11
1893,Global,-0.32
1893,Northern Hemisphere,-0.48
1893,Southern Hemisphere,-0.15
1893,North Tropics–High,-0.5
1893,Equatorial Band,-0.38
1893,South Tropics–High,-0.04
1893,Northern High Lats,-0.66
1893,Northern Mid Lats,-0.55
1893,Northern Low–Mid Lats,-0.46
1893,Northern Tropics,-0.45
1893,Southern Tropics,-0.31
1893,Southern Low–Mid Lats,0.07
1893,Southern Mid Lats,-0.2
1893,Antarctic Lats,-0.03
1894,Global,-0.31
1894,Northern Hemisphere,-0.4
1894,Southern Hemisphere,-0.22
1894,North Tropics–High,-0.33
1894,Equatorial Band,-0.36
1894,South Tropics–High,-0.23
1894,Northern High Lats,-0.97
1894,Northern Mid Lats,-0.34
1894,Northern Low–Mid Lats,-0.18
1894,Northern Tropics,-0.52
1894,Southern Tropics,-0.2
1894,Southern Low–Mid Lats,-0.14
1894,Southern Mid Lats,-0.35
1894,Antarctic Lats,-0.36
1895,Global,-0.24
1895,Northern Hemisphere,-0.32
1895,Southern Hemisphere,-0.15
1895,North Tropics–High,-0.41
1895,Equatorial Band,-0.09
1895,South Tropics–High,-0.25
1895,Northern High Lats,-0.73
1895,Northern Mid Lats,-0.54
1895,Northern Low–Mid Lats,-0.27
1895,Northern Tropics,-0.17
1895,Southern Tropics,-0.01
1895,Southern Low–Mid Lats,-0.19
1895,Southern Mid Lats,-0.32
1895,Antarctic Lats,-0.57
1896,Global,-0.12
1896,Northern Hemisphere,-0.22
1896,Southern Hemisphere,-0.03
1896,North Tropics–High,-0.36
1896,Equatorial Band,0.07
1896,South Tropics–High,-0.15
1896,Northern High Lats,-0.93
1896,Northern Mid Lats,-0.39
1896,Northern Low–Mid Lats,-0.23
1896,Northern Tropics,0.01
1896,Southern Tropics,0.14
1896,Southern Low–Mid Lats,-0.15
1896,Southern Mid Lats,-0.13
1896,Antarctic Lats,0.27
1897,Global,-0.12
1897,Northern Hemisphere,-0.19
1897,Southern Hemisphere,-0.05
1897,North Tropics–High,-0.37
1897,Equatorial Band,0.14
1897,South Tropics–High,-0.23
1897,Northern High Lats,-0.59
1897,Northern Mid Lats,-0.48
1897,Northern Low–Mid Lats,-0.25
1897,Northern Tropics,0.1
1897,Southern Tropics,0.19
1897,Southern Low–Mid Lats,-0.19
1897,Southern Mid Lats,-0.27
1897,Antarctic Lats,0.42
1898,Global,-0.29
1898,Northern Hemisphere,-0.31
1898,Southern Hemisphere,-0.26
1898,North Tropics–High,-0.37
1898,Equatorial Band,-0.24
1898,South Tropics–High,-0.26
1898,Northern High Lats,-1.2
1898,Northern Mid Lats,-0.26
1898,Northern Low–Mid Lats,-0.24
1898,Northern Tropics,-0.22
1898,Southern Tropics,-0.27
1898,Southern Low–Mid Lats,-0.27
1898,Southern Mid Lats,-0.21
1898,Antarctic Lats,0.39
1899,Global,-0.19
1899,Northern Hemisphere,-0.23
1899,Southern Hemisphere,-0.14
1899,North Tropics–High,-0.25
1899,Equatorial Band,-0.14
1899,South Tropics–High,-0.18
1899,Northern High Lats,-1.09
1899,Northern Mid Lats,-0.11
1899,Northern Low–Mid Lats,-0.15
1899,Northern Tropics,-0.19
1899,Southern Tropics,-0.09
1899,Southern Low–Mid Lats,-0.15
1899,Southern Mid Lats,-0.22
1899,Antarctic Lats,0.6
1900,Global,-0.09
1900,Northern Hemisphere,-0.11
1900,Southern Hemisphere,-0.07
1900,North Tropics–High,-0.22
1900,Equatorial Band,0.15
1900,South Tropics–High,-0.3
1900,Northern High Lats,-0.6
1900,Northern Mid Lats,-0.18
1900,Northern Low–Mid Lats,-0.16
1900,Northern Tropics,0.06
1900,Southern Tropics,0.24
1900,Southern Low–Mid Lats,-0.28
1900,Southern Mid Lats,-0.29
1900,Antarctic Lats,0.29
1901,Global,-0.17
1901,Northern Hemisphere,-0.14
1901,Southern Hemisphere,-0.19
1901,North Tropics–High,-0.18
1901,Equatorial Band,-0.06
1901,South Tropics–High,-0.3
1901,Northern High Lats,-0.42
1901,Northern Mid Lats,-0.13
1901,Northern Low–Mid Lats,-0.15
1901,Northern Tropics,-0.09
1901,Southern Tropics,-0.03
1901,Southern Low–Mid Lats,-0.27
1901,Southern Mid Lats,-0.33
1901,Antarctic Lats,0.28
1902,Global,-0.29
1902,Northern Hemisphere,-0.35
1902,Southern Hemisphere,-0.23
1902,North Tropics–High,-0.55
1902,Equatorial Band,-0.06
1902,South Tropics–High,-0.35
1902,Northern High Lats,-1.57
1902,Northern Mid Lats,-0.53
1902,Northern Low–Mid Lats,-0.32
1902,Northern Tropics,-0.05
1902,Southern Tropics,-0.07
1902,Southern Low–Mid Lats,-0.28
1902,Southern Mid Lats,-0.43
1902,Antarctic Lats,-0.03
1903,Global,-0.38
1903,Northern Hemisphere,-0.4
1903,Southern Hemisphere,-0.37
1903,North Tropics–High,-0.48
1903,Equatorial Band,-0.31
1903,South Tropics–High,-0.38
1903,Northern High Lats,-0.27
1903,Northern Mid Lats,-0.44
1903,Northern Low–Mid Lats,-0.57
1903,Northern Tropics,-0.27
1903,Southern Tropics,-0.35
1903,Southern Low–Mid Lats,-0.35
1903,Southern Mid Lats,-0.4
1903,Antarctic Lats,-0.49
1904,Global,-0.48
1904,Northern Hemisphere,-0.5
1904,Southern Hemisphere,-0.46
1904,North Tropics–High,-0.53
1904,Equatorial Band,-0.48
1904,South Tropics–High,-0.44
1904,Northern High Lats,-0.25
1904,Northern Mid Lats,-0.62
1904,Northern Low–Mid Lats,-0.56
1904,Northern Tropics,-0.47
1904,Southern Tropics,-0.5
1904,Southern Low–Mid Lats,-0.37
1904,Southern Mid Lats,-0.49
1904,Antarctic Lats,-1.31
1905,Global,-0.27
1905,Northern Hemisphere,-0.31
1905,Southern Hemisphere,-0.23
1905,North Tropics–High,-0.42
1905,Equatorial Band,-0.1
1905,South Tropics–High,-0.36
1905,Northern High Lats,-0.09
1905,Northern Mid Lats,-0.25
1905,Northern Low–Mid Lats,-0.63
1905,Northern Tropics,-0.14
1905,Southern Tropics,-0.07
1905,Southern Low–Mid Lats,-0.33
1905,Southern Mid Lats,-0.37
1905,Antarctic Lats,-0.33
1906,Global,-0.23
1906,Northern Hemisphere,-0.25
1906,Southern Hemisphere,-0.21
1906,North Tropics–High,-0.27
1906,Equatorial Band,-0.21
1906,South Tropics–High,-0.23
1906,Northern High Lats,-0.31
1906,Northern Mid Lats,-0.08
1906,Northern Low–Mid Lats,-0.39
1906,Northern Tropics,-0.23
1906,Southern Tropics,-0.19
1906,Southern Low–Mid Lats,-0.2
1906,Southern Mid Lats,-0.22
1906,Antarctic Lats,-0.71
1907,Global,-0.4
1907,Northern Hemisphere,-0.49
1907,Southern Hemisphere,-0.31
1907,North Tropics–High,-0.6
1907,Equatorial Band,-0.32
1907,South Tropics–High,-0.29
1907,Northern High Lats,-0.62
1907,Northern Mid Lats,-0.74
1907,Northern Low–Mid Lats,-0.52
1907,Northern Tropics,-0.32
1907,Southern Tropics,-0.32
1907,Southern Low–Mid Lats,-0.21
1907,Southern Mid Lats,-0.37
1907,Antarctic Lats,-1.19
1908,Global,-0.44
1908,Northern Hemisphere,-0.47
1908,Southern Hemisphere,-0.41
1908,North Tropics–High,-0.49
1908,Equatorial Band,-0.46
1908,South Tropics–High,-0.36
1908,Northern High Lats,-0.27
1908,Northern Mid Lats,-0.56
1908,Northern Low–Mid Lats,-0.51
1908,Northern Tropics,-0.45
1908,Southern Tropics,-0.47
1908,Southern Low–Mid Lats,-0.29
1908,Southern Mid Lats,-0.48
1908,Antarctic Lats,0.68
1909,Global,-0.5
1909,Northern Hemisphere,-0.51
1909,Southern Hemisphere,-0.48
1909,North Tropics–High,-0.54
1909,Equatorial Band,-0.5
1909,South Tropics–High,-0.44
1909,Northern High Lats,-0.77
1909,Northern Mid Lats,-0.64
1909,Northern Low–Mid Lats,-0.44
1909,Northern Tropics,-0.47
1909,Southern Tropics,-0.54
1909,Southern Low–Mid Lats,-0.37
1909,Southern Mid Lats,-0.52
1909,Antarctic Lats,-0.56
1910,Global,-0.45
1910,Northern Hemisphere,-0.46
1910,Southern Hemisphere,-0.44
1910,North Tropics–High,-0.43
1910,Equatorial Band,-0.51
1910,South Tropics–High,-0.38
1910,Northern High Lats,-0.63
1910,Northern Mid Lats,-0.25
1910,Northern Low–Mid Lats,-0.49
1910,Northern Tropics,-0.51
1910,Southern Tropics,-0.51
1910,Southern Low–Mid Lats,-0.33
1910,Southern Mid Lats,-0.45
1910,Antarctic Lats,0.16
1911,Global,-0.45
1911,Northern Hemisphere,-0.44
1911,Southern Hemisphere,-0.47
1911,North Tropics–High,-0.43
1911,Equatorial Band,-0.45
1911,South Tropics–High,-0.48
1911,Northern High Lats,-0.29
1911,Northern Mid Lats,-0.43
1911,Northern Low–Mid Lats,-0.47
1911,Northern Tropics,-0.45
1911,Southern Tropics,-0.46
1911,Southern Low–Mid Lats,-0.44
1911,Southern Mid Lats,-0.52
1911,Antarctic Lats,0.06
1912,Global,-0.38
1912,Northern Hemisphere,-0.48
1912,Southern Hemisphere,-0.26
1912,North Tropics–High,-0.6
1912,Equatorial Band,-0.22
1912,South Tropics–High,-0.37
1912,Northern High Lats,-0.53
1912,Northern Mid Lats,-0.8
1912,Northern Low–Mid Lats,-0.5
1912,Northern Tropics,-0.31
1912,Southern Tropics,-0.12
1912,Southern Low–Mid Lats,-0.37
1912,Southern Mid Lats,-0.29
1912,Antarctic Lats,-1.63
1913,Global,-0.35
1913,Northern Hemisphere,-0.44
1913,Southern Hemisphere,-0.27
1913,North Tropics–High,-0.45
1913,Equatorial Band,-0.29
1913,South Tropics–High,-0.35
1913,Northern High Lats,-0.49
1913,Northern Mid Lats,-0.34
1913,Northern Low–Mid Lats,-0.51
1913,Northern Tropics,-0.42
1913,Southern Tropics,-0.16
1913,Southern Low–Mid Lats,-0.28
1913,Southern Mid Lats,-0.4
1913,Antarctic Lats,-1.03
1914,Global,-0.16
1914,Northern Hemisphere,-0.21
1914,Southern Hemisphere,-0.11
1914,North Tropics–High,-0.25
1914,Equatorial Band,-0.08
1914,South Tropics–High,-0.18
1914,Northern High Lats,-0.39
1914,Northern Mid Lats,-0.18
1914,Northern Low–Mid Lats,-0.28
1914,Northern Tropics,-0.14
1914,Southern Tropics,-0.03
1914,Southern Low–Mid Lats,-0.15
1914,Southern Mid Lats,-0.18
1914,Antarctic Lats,-0.36
1915,Global,-0.15
1915,Northern Hemisphere,-0.15
1915,Southern Hemisphere,-0.14
1915,North Tropics–High,-0.24
1915,Equatorial Band,-0.02
1915,South Tropics–High,-0.22
1915,Northern High Lats,-0.62
1915,Northern Mid Lats,-0.18
1915,Northern Low–Mid Lats,-0.18
1915,Northern Tropics,-0.02
1915,Southern Tropics,-0.03
1915,Southern Low–Mid Lats,-0.15
1915,Southern Mid Lats,-0.23
1915,Antarctic Lats,-1.98
1916,Global,-0.37
1916,Northern Hemisphere,-0.43
1916,Southern Hemisphere,-0.31
1916,North Tropics–High,-0.38
1916,Equatorial Band,-0.46
1916,South Tropics–High,-0.23
1916,Northern High Lats,-0.54
1916,Northern Mid Lats,-0.56
1916,Northern Low–Mid Lats,-0.24
1916,Northern Tropics,-0.51
1916,Southern Tropics,-0.42
1916,Southern Low–Mid Lats,-0.23
1916,Southern Mid Lats,-0.17
1916,Antarctic Lats,-1.04
1917,Global,-0.47
1917,Northern Hemisphere,-0.59
1917,Southern Hemisphere,-0.36
1917,North Tropics–High,-0.51
1917,Equatorial Band,-0.65
1917,South Tropics–High,-0.19
1917,Northern High Lats,-0.84
1917,Northern Mid Lats,-0.52
1917,Northern Low–Mid Lats,-0.43
1917,Northern Tropics,-0.7
1917,Southern Tropics,-0.59
1917,Southern Low–Mid Lats,-0.23
1917,Southern Mid Lats,-0.09
1917,Antarctic Lats,0.07
1918,Global,-0.3
1918,Northern Hemisphere,-0.41
1918,Southern Hemisphere,-0.21
1918,North Tropics–High,-0.42
1918,Equatorial Band,-0.35
1918,South Tropics–High,-0.14
1918,Northern High Lats,-1.04
1918,Northern Mid Lats,-0.29
1918,Northern Low–Mid Lats,-0.35
1918,Northern Tropics,-0.4
1918,Southern Tropics,-0.3
1918,Southern Low–Mid Lats,-0.06
1918,Southern Mid Lats,-0.22
1918,Antarctic Lats,-0.28
1919,Global,-0.28
1919,Northern Hemisphere,-0.36
1919,Southern Hemisphere,-0.21
1919,North Tropics–High,-0.44
1919,Equatorial Band,-0.21
1919,South Tropics–High,-0.22
1919,Northern High Lats,-0.72
1919,Northern Mid Lats,-0.57
1919,Northern Low–Mid Lats,-0.3
1919,Northern Tropics,-0.24
1919,Southern Tropics,-0.18
1919,Southern Low–Mid Lats,-0.15
1919,Southern Mid Lats,-0.32
1919,Antarctic Lats,0.2
1920,Global,-0.28
1920,Northern Hemisphere,-0.31
1920,Southern Hemisphere,-0.24
1920,North Tropics–High,-0.26
1920,Equatorial Band,-0.27
1920,South Tropics–High,-0.32
1920,Northern High Lats,-0.04
1920,Northern Mid Lats,-0.22
1920,Northern Low–Mid Lats,-0.35
1920,Northern Tropics,-0.39
1920,Southern Tropics,-0.14
1920,Southern Low–Mid Lats,-0.19
1920,Southern Mid Lats,-0.48
1920,Antarctic Lats,-1.14
1921,Global,-0.2
1921,Northern Hemisphere,-0.12
1921,Southern Hemisphere,-0.27
1921,North Tropics–High,0
1921,Equatorial Band,-0.27
1921,South Tropics–High,-0.31
1921,Northern High Lats,-0.03
1921,Northern Mid Lats,0.16
1921,Northern Low–Mid Lats,-0.1
1921,Northern Tropics,-0.31
1921,Southern Tropics,-0.23
1921,Southern Low–Mid Lats,-0.23
1921,Southern Mid Lats,-0.38
1921,Antarctic Lats,-0.83
1922,Global,-0.29
1922,Northern Hemisphere,-0.28
1922,Southern Hemisphere,-0.3
1922,North Tropics–High,-0.25
1922,Equatorial Band,-0.33
1922,South Tropics–High,-0.27
1922,Northern High Lats,-0.3
1922,Northern Mid Lats,-0.42
1922,Northern Low–Mid Lats,-0.14
1922,Northern Tropics,-0.34
1922,Southern Tropics,-0.33
1922,Southern Low–Mid Lats,-0.24
1922,Southern Mid Lats,-0.28
1922,Antarctic Lats,-0.27
1923,Global,-0.27
1923,Northern Hemisphere,-0.23
1923,Southern Hemisphere,-0.31
1923,North Tropics–High,-0.16
1923,Equatorial Band,-0.31
1923,South Tropics–High,-0.34
1923,Northern High Lats,0.17
1923,Northern Mid Lats,-0.16
1923,Northern Low–Mid Lats,-0.26
1923,Northern Tropics,-0.33
1923,Southern Tropics,-0.29
1923,Southern Low–Mid Lats,-0.27
1923,Southern Mid Lats,-0.41
1923,Antarctic Lats,-0.54
1924,Global,-0.28
1924,Northern Hemisphere,-0.19
1924,Southern Hemisphere,-0.36
1924,North Tropics–High,-0.13
1924,Equatorial Band,-0.27
1924,South Tropics–High,-0.43
1924,Northern High Lats,0.5
1924,Northern Mid Lats,-0.26
1924,Northern Low–Mid Lats,-0.23
1924,Northern Tropics,-0.28
1924,Southern Tropics,-0.26
1924,Southern Low–Mid Lats,-0.4
1924,Southern Mid Lats,-0.45
1924,Antarctic Lats,-0.53
1925,Global,-0.23
1925,Northern Hemisphere,-0.15
1925,Southern Hemisphere,-0.3
1925,North Tropics–High,-0.04
1925,Equatorial Band,-0.25
1925,South Tropics–High,-0.38
1925,Northern High Lats,-0.06
1925,Northern Mid Lats,0.16
1925,Northern Low–Mid Lats,-0.19
1925,Northern Tropics,-0.29
1925,Southern Tropics,-0.22
1925,Southern Low–Mid Lats,-0.25
1925,Southern Mid Lats,-0.55
1925,Antarctic Lats,-0.86
1926,Global,-0.11
1926,Northern Hemisphere,0.01
1926,Southern Hemisphere,-0.22
1926,North Tropics–High,0.02
1926,Equatorial Band,0
1926,South Tropics–High,-0.4
1926,Northern High Lats,0.57
1926,Northern Mid Lats,0.15
1926,Northern Low–Mid Lats,-0.22
1926,Northern Tropics,-0.01
1926,Southern Tropics,0.01
1926,Southern Low–Mid Lats,-0.35
1926,Southern Mid Lats,-0.45
1926,Antarctic Lats,-0.63
1927,Global,-0.22
1927,Northern Hemisphere,-0.14
1927,Southern Hemisphere,-0.3
1927,North Tropics–High,-0.13
1927,Equatorial Band,-0.17
1927,South Tropics–High,-0.38
1927,Northern High Lats,0.03
1927,Northern Mid Lats,-0.23
1927,Northern Low–Mid Lats,-0.13
1927,Northern Tropics,-0.15
1927,Southern Tropics,-0.19
1927,Southern Low–Mid Lats,-0.31
1927,Southern Mid Lats,-0.45
1927,Antarctic Lats,-1.38
1928,Global,-0.21
1928,Northern Hemisphere,-0.11
1928,Southern Hemisphere,-0.29
1928,North Tropics–High,-0.08
1928,Equatorial Band,-0.16
1928,South Tropics–High,-0.39
1928,Northern High Lats,0.66
1928,Northern Mid Lats,-0.18
1928,Northern Low–Mid Lats,-0.23
1928,Northern Tropics,-0.16
1928,Southern Tropics,-0.17
1928,Southern Low–Mid Lats,-0.29
1928,Southern Mid Lats,-0.48
1928,Antarctic Lats,-2.12
1929,Global,-0.37
1929,Northern Hemisphere,-0.34
1929,Southern Hemisphere,-0.38
1929,North Tropics–High,-0.38
1929,Equatorial Band,-0.29
1929,South Tropics–High,-0.45
1929,Northern High Lats,0.12
1929,Northern Mid Lats,-0.62
1929,Northern Low–Mid Lats,-0.38
1929,Northern Tropics,-0.29
1929,Southern Tropics,-0.29
1929,Southern Low–Mid Lats,-0.43
1929,Southern Mid Lats,-0.44
1929,Antarctic Lats,-1.07
1930,Global,-0.16
1930,Northern Hemisphere,-0.02
1930,Southern Hemisphere,-0.29
1930,North Tropics–High,0.04
1930,Equatorial Band,-0.12
1930,South Tropics–High,-0.42
1930,Northern High Lats,0.5
1930,Northern Mid Lats,0.04
1930,Northern Low–Mid Lats,-0.11
1930,Northern Tropics,-0.1
1930,Southern Tropics,-0.13
1930,Southern Low–Mid Lats,-0.33
1930,Southern Mid Lats,-0.46
1930,Antarctic Lats,-2.59
1931,Global,-0.1
1931,Northern Hemisphere,0.04
1931,Southern Hemisphere,-0.22
1931,North Tropics–High,0.01
1931,Equatorial Band,0.07
1931,South Tropics–High,-0.43
1931,Northern High Lats,0.56
1931,Northern Mid Lats,-0.04
1931,Northern Low–Mid Lats,-0.14
1931,Northern Tropics,0.09
1931,Southern Tropics,0.05
1931,Southern Low–Mid Lats,-0.42
1931,Southern Mid Lats,-0.4
1931,Antarctic Lats,-0.41
1932,Global,-0.17
1932,Northern Hemisphere,-0.07
1932,Southern Hemisphere,-0.26
1932,North Tropics–High,0.03
1932,Equatorial Band,-0.17
1932,South Tropics–High,-0.35
1932,Northern High Lats,0.46
1932,Northern Mid Lats,0.19
1932,Northern Low–Mid Lats,-0.22
1932,Northern Tropics,-0.2
1932,Southern Tropics,-0.14
1932,Southern Low–Mid Lats,-0.21
1932,Southern Mid Lats,-0.53
1932,Antarctic Lats,-0.98
1933,Global,-0.29
1933,Northern Hemisphere,-0.26
1933,Southern Hemisphere,-0.32
1933,North Tropics–High,-0.24
1933,Equatorial Band,-0.29
1933,South Tropics–High,-0.34
1933,Northern High Lats,-0.15
1933,Northern Mid Lats,-0.47
1933,Northern Low–Mid Lats,-0.13
1933,Northern Tropics,-0.29
1933,Southern Tropics,-0.29
1933,Southern Low–Mid Lats,-0.22
1933,Southern Mid Lats,-0.48
1933,Antarctic Lats,-1.14
1934,Global,-0.13
1934,Northern Hemisphere,-0.01
1934,Southern Hemisphere,-0.25
1934,North Tropics–High,0.17
1934,Equatorial Band,-0.26
1934,South Tropics–High,-0.26
1934,Northern High Lats,0.89
1934,Northern Mid Lats,0.31
1934,Northern Low–Mid Lats,-0.13
1934,Northern Tropics,-0.27
1934,Southern Tropics,-0.25
1934,Southern Low–Mid Lats,-0.16
1934,Southern Mid Lats,-0.38
1934,Antarctic Lats,-0.56
1935,Global,-0.2
1935,Northern Hemisphere,-0.1
1935,Southern Hemisphere,-0.3
1935,North Tropics–High,-0.05
1935,Equatorial Band,-0.19
1935,South Tropics–High,-0.37
1935,Northern High Lats,0.33
1935,Northern Mid Lats,-0.05
1935,Northern Low–Mid Lats,-0.17
1935,Northern Tropics,-0.18
1935,Southern Tropics,-0.2
1935,Southern Low–Mid Lats,-0.31
1935,Southern Mid Lats,-0.41
1935,Antarctic Lats,-1.71
1936,Global,-0.15
1936,Northern Hemisphere,-0.04
1936,Southern Hemisphere,-0.26
1936,North Tropics–High,-0.03
1936,Equatorial Band,-0.14
1936,South Tropics–High,-0.3
1936,Northern High Lats,0.41
1936,Northern Mid Lats,0.11
1936,Northern Low–Mid Lats,-0.26
1936,Northern Tropics,-0.06
1936,Southern Tropics,-0.21
1936,Southern Low–Mid Lats,-0.27
1936,Southern Mid Lats,-0.32
1936,Antarctic Lats,-0.03
1937,Global,-0.03
1937,Northern Hemisphere,0.11
1937,Southern Hemisphere,-0.18
1937,North Tropics–High,0.19
1937,Equatorial Band,-0.06
1937,South Tropics–High,-0.22
1937,Northern High Lats,1.23
1937,Northern Mid Lats,0.03
1937,Northern Low–Mid Lats,-0.03
1937,Northern Tropics,0
1937,Southern Tropics,-0.12
1937,Southern Low–Mid Lats,-0.19
1937,Southern Mid Lats,-0.25
1937,Antarctic Lats,0.37
1938,Global,0
1938,Northern Hemisphere,0.16
1938,Southern Hemisphere,-0.18
1938,North Tropics–High,0.39
1938,Equatorial Band,-0.23
1938,South Tropics–High,-0.1
1938,Northern High Lats,1.52
1938,Northern Mid Lats,0.39
1938,Northern Low–Mid Lats,0.03
1938,Northern Tropics,-0.19
1938,Southern Tropics,-0.27
1938,Southern Low–Mid Lats,-0.06
1938,Southern Mid Lats,-0.11
1938,Antarctic Lats,-0.86
1939,Global,-0.02
1939,Northern Hemisphere,0.08
1939,Southern Hemisphere,-0.13
1939,North Tropics–High,0.22
1939,Equatorial Band,-0.13
1939,South Tropics–High,-0.12
1939,Northern High Lats,0.55
1939,Northern Mid Lats,0.28
1939,Northern Low–Mid Lats,0.08
1939,Northern Tropics,-0.13
1939,Southern Tropics,-0.13
1939,Southern Low–Mid Lats,-0.05
1939,Southern Mid Lats,-0.18
1939,Antarctic Lats,-1.6
1940,Global,0.12
1940,Northern Hemisphere,0.16
1940,Southern Hemisphere,0.09
1940,North Tropics–High,0.1
1940,Equatorial Band,0.27
1940,South Tropics–High,-0.07
1940,Northern High Lats,0.99
1940,Northern Mid Lats,-0.02
1940,Northern Low–Mid Lats,-0.1
1940,Northern Tropics,0.25
1940,Southern Tropics,0.29
1940,Southern Low–Mid Lats,0.03
1940,Southern Mid Lats,-0.2
1940,Antarctic Lats,-0.05
1941,Global,0.18
1941,Northern Hemisphere,0.22
1941,Southern Hemisphere,0.16
1941,North Tropics–High,0.01
1941,Equatorial Band,0.48
1941,South Tropics–High,-0.05
1941,Northern High Lats,0.01
1941,Northern Mid Lats,-0.1
1941,Northern Low–Mid Lats,0.08
1941,Northern Tropics,0.53
1941,Southern Tropics,0.43
1941,Southern Low–Mid Lats,0.03
1941,Southern Mid Lats,-0.15
1941,Antarctic Lats,-0.46
1942,Global,0.06
1942,Northern Hemisphere,0.11
1942,Southern Hemisphere,0.01
1942,North Tropics–High,0.12
1942,Equatorial Band,0.07
1942,South Tropics–High,-0.01
1942,Northern High Lats,0.72
1942,Northern Mid Lats,-0.07
1942,Northern Low–Mid Lats,0.05
1942,Northern Tropics,0.1
1942,Southern Tropics,0.03
1942,Southern Low–Mid Lats,0.05
1942,Southern Mid Lats,-0.05
1942,Antarctic Lats,-0.9
1943,Global,0.08
1943,Northern Hemisphere,0.17
1943,Southern Hemisphere,-0.01
1943,North Tropics–High,0.37
1943,Equatorial Band,-0.1
1943,South Tropics–High,0.04
1943,Northern High Lats,1.43
1943,Northern Mid Lats,0.28
1943,Northern Low–Mid Lats,0.11
1943,Northern Tropics,-0.12
1943,Southern Tropics,-0.07
1943,Southern Low–Mid Lats,0.07
1943,Southern Mid Lats,0
1943,Antarctic Lats,1.14
1944,Global,0.2
1944,Northern Hemisphere,0.27
1944,Southern Hemisphere,0.14
1944,North Tropics–High,0.38
1944,Equatorial Band,0.18
1944,South Tropics–High,0.05
1944,Northern High Lats,1.18
1944,Northern Mid Lats,0.47
1944,Northern Low–Mid Lats,0.1
1944,Northern Tropics,0.1
1944,Southern Tropics,0.26
1944,Southern Low–Mid Lats,0.18
1944,Southern Mid Lats,-0.09
1944,Antarctic Lats,-0.97
1945,Global,0.09
1945,Northern Hemisphere,0.11
1945,Southern Hemisphere,0.09
1945,North Tropics–High,0.11
1945,Equatorial Band,0.17
1945,South Tropics–High,-0.03
1945,Northern High Lats,0.65
1945,Northern Mid Lats,-0.02
1945,Northern Low–Mid Lats,0.04
1945,Northern Tropics,0.1
1945,Southern Tropics,0.24
1945,Southern Low–Mid Lats,0.04
1945,Southern Mid Lats,0
1945,Antarctic Lats,-1.81
1946,Global,-0.07
1946,Northern Hemisphere,0.03
1946,Southern Hemisphere,-0.17
1946,North Tropics–High,0.06
1946,Equatorial Band,-0.05
1946,South Tropics–High,-0.24
1946,Northern High Lats,-0.03
1946,Northern Mid Lats,-0.05
1946,Northern Low–Mid Lats,0.17
1946,Northern Tropics,-0.03
1946,Southern Tropics,-0.08
1946,Southern Low–Mid Lats,-0.22
1946,Southern Mid Lats,-0.24
1946,Antarctic Lats,-0.21
1947,Global,-0.03
1947,Northern Hemisphere,0.08
1947,Southern Hemisphere,-0.13
1947,North Tropics–High,0.16
1947,Equatorial Band,-0.06
1947,South Tropics–High,-0.16
1947,Northern High Lats,1.07
1947,Northern Mid Lats,-0.13
1947,Northern Low–Mid Lats,0.04
1947,Northern Tropics,-0.03
1947,Southern Tropics,-0.09
1947,Southern Low–Mid Lats,-0.19
1947,Southern Mid Lats,-0.08
1947,Antarctic Lats,-0.23
1948,Global,-0.11
1948,Northern Hemisphere,-0.02
1948,Southern Hemisphere,-0.2
1948,North Tropics–High,0.13
1948,Equatorial Band,-0.18
1948,South Tropics–High,-0.24
1948,Northern High Lats,0.12
1948,Northern Mid Lats,0.32
1948,Northern Low–Mid Lats,0.01
1948,Northern Tropics,-0.23
1948,Southern Tropics,-0.14
1948,Southern Low–Mid Lats,-0.19
1948,Southern Mid Lats,-0.19
1948,Antarctic Lats,-1.42
1949,Global,-0.11
1949,Northern Hemisphere,-0.03
1949,Southern Hemisphere,-0.19
1949,North Tropics–High,0.11
1949,Equatorial Band,-0.19
1949,South Tropics–High,-0.23
1949,Northern High Lats,0.2
1949,Northern Mid Lats,0.17
1949,Northern Low–Mid Lats,0.05
1949,Northern Tropics,-0.23
1949,Southern Tropics,-0.15
1949,Southern Low–Mid Lats,-0.17
1949,Southern Mid Lats,-0.15
1949,Antarctic Lats,-2.02
1950,Global,-0.18
1950,Northern Hemisphere,-0.15
1950,Southern Hemisphere,-0.21
1950,North Tropics–High,-0.05
1950,Equatorial Band,-0.29
1950,South Tropics–High,-0.14
1950,Northern High Lats,0.18
1950,Northern Mid Lats,-0.3
1950,Northern Low–Mid Lats,0.04
1950,Northern Tropics,-0.3
1950,Southern Tropics,-0.28
1950,Southern Low–Mid Lats,-0.06
1950,Southern Mid Lats,-0.16
1950,Antarctic Lats,-0.86
1951,Global,-0.07
1951,Northern Hemisphere,0.04
1951,Southern Hemisphere,-0.18
1951,North Tropics–High,0.08
1951,Equatorial Band,-0.06
1951,South Tropics–High,-0.23
1951,Northern High Lats,0.07
1951,Northern Mid Lats,0.01
1951,Northern Low–Mid Lats,0.12
1951,Northern Tropics,-0.01
1951,Southern Tropics,-0.12
1951,Southern Low–Mid Lats,-0.22
1951,Southern Mid Lats,-0.16
1951,Antarctic Lats,-0.7
1952,Global,0.01
1952,Northern Hemisphere,0.06
1952,Southern Hemisphere,-0.03
1952,North Tropics–High,0.11
1952,Equatorial Band,0.02
1952,South Tropics–High,-0.09
1952,Northern High Lats,0.27
1952,Northern Mid Lats,-0.09
1952,Northern Low–Mid Lats,0.19
1952,Northern Tropics,-0.01
1952,Southern Tropics,0.04
1952,Southern Low–Mid Lats,-0.1
1952,Southern Mid Lats,-0.02
1952,Antarctic Lats,-0.54
1953,Global,0.08
1953,Northern Hemisphere,0.24
1953,Southern Hemisphere,-0.07
1953,North Tropics–High,0.36
1953,Equatorial Band,0.07
1953,South Tropics–High,-0.18
1953,Northern High Lats,1.03
1953,Northern Mid Lats,0.36
1953,Northern Low–Mid Lats,0.14
1953,Northern Tropics,0.08
1953,Southern Tropics,0.06
1953,Southern Low–Mid Lats,-0.08
1953,Southern Mid Lats,-0.24
1953,Antarctic Lats,-1.14
1954,Global,-0.13
1954,Northern Hemisphere,-0.02
1954,Southern Hemisphere,-0.25
1954,North Tropics–High,0.07
1954,Equatorial Band,-0.22
1954,South Tropics–High,-0.22
1954,Northern High Lats,0.8
1954,Northern Mid Lats,-0.21
1954,Northern Low–Mid Lats,0
1954,Northern Tropics,-0.14
1954,Southern Tropics,-0.29
1954,Southern Low–Mid Lats,-0.17
1954,Southern Mid Lats,-0.2
1954,Antarctic Lats,-0.82
1955,Global,-0.14
1955,Northern Hemisphere,-0.09
1955,Southern Hemisphere,-0.2
1955,North Tropics–High,0.05
1955,Equatorial Band,-0.34
1955,South Tropics–High,-0.06
1955,Northern High Lats,-0.23
1955,Northern Mid Lats,-0.11
1955,Northern Low–Mid Lats,0.24
1955,Northern Tropics,-0.29
1955,Southern Tropics,-0.38
1955,Southern Low–Mid Lats,-0.16
1955,Southern Mid Lats,-0.08
1955,Antarctic Lats,1.2
1956,Global,-0.19
1956,Northern Hemisphere,-0.23
1956,Southern Hemisphere,-0.16
1956,North Tropics–High,-0.2
1956,Equatorial Band,-0.33
1956,South Tropics–High,0.01
1956,Northern High Lats,0.01
1956,Northern Mid Lats,-0.48
1956,Northern Low–Mid Lats,-0.08
1956,Northern Tropics,-0.29
1956,Southern Tropics,-0.37
1956,Southern Low–Mid Lats,-0.13
1956,Southern Mid Lats,0.02
1956,Antarctic Lats,0.77
1957,Global,0.05
1957,Northern Hemisphere,0.04
1957,Southern Hemisphere,0.06
1957,North Tropics–High,0.03
1957,Equatorial Band,0.08
1957,South Tropics–High,0.02
1957,Northern High Lats,0.09
1957,Northern Mid Lats,0.22
1957,Northern Low–Mid Lats,-0.11
1957,Northern Tropics,0.06
1957,Southern Tropics,0.1
1957,Southern Low–Mid Lats,-0.09
1957,Southern Mid Lats,-0.02
1957,Antarctic Lats,0.49
1958,Global,0.06
1958,Northern Hemisphere,0.15
1958,Southern Hemisphere,-0.03
1958,North Tropics–High,0.08
1958,Equatorial Band,0.21
1958,South Tropics–High,-0.15
1958,Northern High Lats,-0.18
1958,Northern Mid Lats,0.14
1958,Northern Low–Mid Lats,0.13
1958,Northern Tropics,0.26
1958,Southern Tropics,0.15
1958,Southern Low–Mid Lats,-0.08
1958,Southern Mid Lats,-0.08
1958,Antarctic Lats,-0.55
1959,Global,0.03
1959,Northern Hemisphere,0.13
1959,Southern Hemisphere,-0.06
1959,North Tropics–High,0.16
1959,Equatorial Band,0.07
1959,South Tropics–High,-0.16
1959,Northern High Lats,0.49
1959,Northern Mid Lats,0.18
1959,Northern Low–Mid Lats,0.05
1959,Northern Tropics,0.07
1959,Southern Tropics,0.08
1959,Southern Low–Mid Lats,-0.03
1959,Southern Mid Lats,-0.26
1959,Antarctic Lats,-0.39
1960,Global,-0.02
1960,Northern Hemisphere,0.08
1960,Southern Hemisphere,-0.13
1960,North Tropics–High,0.09
1960,Equatorial Band,0.02
1960,South Tropics–High,-0.2
1960,Northern High Lats,0.34
1960,Northern Mid Lats,-0.07
1960,Northern Low–Mid Lats,0.11
1960,Northern Tropics,0.06
1960,Southern Tropics,-0.02
1960,Southern Low–Mid Lats,-0.1
1960,Southern Mid Lats,-0.07
1960,Antarctic Lats,-0.78
1961,Global,0.06
1961,Northern Hemisphere,0.09
1961,Southern Hemisphere,0.03
1961,North Tropics–High,0.19
1961,Equatorial Band,-0.03
1961,South Tropics–High,0.05
1961,Northern High Lats,-0.16
1961,Northern Mid Lats,0.37
1961,Northern Low–Mid Lats,0.18
1961,Northern Tropics,-0.07
1961,Southern Tropics,0
1961,Southern Low–Mid Lats,0.14
1961,Southern Mid Lats,-0.17
1961,Antarctic Lats,0.21
1962,Global,0.03
1962,Northern Hemisphere,0.13
1962,Southern Hemisphere,-0.06
1962,North Tropics–High,0.24
1962,Equatorial Band,-0.05
1962,South Tropics–High,-0.07
1962,Northern High Lats,0.44
1962,Northern Mid Lats,0.3
1962,Northern Low–Mid Lats,0.14
1962,Northern Tropics,-0.04
1962,Southern Tropics,-0.05
1962,Southern Low–Mid Lats,0.09
1962,Southern Mid Lats,-0.08
1962,Antarctic Lats,-0.65
1963,Global,0.05
1963,Northern Hemisphere,0.14
1963,Southern Hemisphere,-0.03
1963,North Tropics–High,0.14
1963,Equatorial Band,0.12
1963,South Tropics–High,-0.12
1963,Northern High Lats,-0.16
1963,Northern Mid Lats,0.31
1963,Northern Low–Mid Lats,0.13
1963,Northern Tropics,0.13
1963,Southern Tropics,0.1
1963,Southern Low–Mid Lats,-0.1
1963,Southern Mid Lats,-0.17
1963,Antarctic Lats,-0.03
1964,Global,-0.2
1964,Northern Hemisphere,-0.19
1964,Southern Hemisphere,-0.2
1964,North Tropics–High,-0.23
1964,Equatorial Band,-0.14
1964,South Tropics–High,-0.24
1964,Northern High Lats,-0.66
1964,Northern Mid Lats,-0.2
1964,Northern Low–Mid Lats,-0.11
1964,Northern Tropics,-0.14
1964,Southern Tropics,-0.15
1964,Southern Low–Mid Lats,-0.3
1964,Southern Mid Lats,-0.07
1964,Antarctic Lats,-0.37
1965,Global,-0.11
1965,Northern Hemisphere,-0.14
1965,Southern Hemisphere,-0.07
1965,North Tropics–High,-0.19
1965,Equatorial Band,-0.03
1965,South Tropics–High,-0.13
1965,Northern High Lats,-0.28
1965,Northern Mid Lats,-0.24
1965,Northern Low–Mid Lats,-0.12
1965,Northern Tropics,-0.08
1965,Southern Tropics,0.02
1965,Southern Low–Mid Lats,-0.23
1965,Southern Mid Lats,-0.03
1965,Antarctic Lats,0
1966,Global,-0.06
1966,Northern Hemisphere,-0.02
1966,Southern Hemisphere,-0.09
1966,North Tropics–High,-0.14
1966,Equatorial Band,0.08
1966,South Tropics–High,-0.15
1966,Northern High Lats,-0.76
1966,Northern Mid Lats,-0.19
1966,Northern Low–Mid Lats,0.09
1966,Northern Tropics,0.16
1966,Southern Tropics,-0.01
1966,Southern Low–Mid Lats,-0.24
1966,Southern Mid Lats,-0.14
1966,Antarctic Lats,0.13
1967,Global,-0.02
1967,Northern Hemisphere,0.03
1967,Southern Hemisphere,-0.08
1967,North Tropics–High,0.12
1967,Equatorial Band,-0.14
1967,South Tropics–High,-0.01
1967,Northern High Lats,0.36
1967,Northern Mid Lats,0.26
1967,Northern Low–Mid Lats,-0.05
1967,Northern Tropics,-0.11
1967,Southern Tropics,-0.17
1967,Southern Low–Mid Lats,-0.09
1967,Southern Mid Lats,-0.02
1967,Antarctic Lats,0.31
1968,Global,-0.08
1968,Northern Hemisphere,-0.07
1968,Southern Hemisphere,-0.09
1968,North Tropics–High,-0.11
1968,Equatorial Band,-0.07
1968,South Tropics–High,-0.08
1968,Northern High Lats,-0.33
1968,Northern Mid Lats,-0.02
1968,Northern Low–Mid Lats,-0.09
1968,Northern Tropics,-0.02
1968,Southern Tropics,-0.11
1968,Southern Low–Mid Lats,-0.14
1968,Southern Mid Lats,0
1968,Antarctic Lats,-0.07
1969,Global,0.05
1969,Northern Hemisphere,-0.03
1969,Southern Hemisphere,0.14
1969,North Tropics–High,-0.29
1969,Equatorial Band,0.33
1969,South Tropics–High,0.02
1969,Northern High Lats,-0.04
1969,Northern Mid Lats,-0.61
1969,Northern Low–Mid Lats,-0.17
1969,Northern Tropics,0.35
1969,Southern Tropics,0.32
1969,Southern Low–Mid Lats,0
1969,Southern Mid Lats,0.13
1969,Antarctic Lats,-0.15
1970,Global,0.03
1970,Northern Hemisphere,-0.04
1970,Southern Hemisphere,0.09
1970,North Tropics–High,-0.11
1970,Equatorial Band,0.07
1970,South Tropics–High,0.11
1970,Northern High Lats,-0.2
1970,Northern Mid Lats,-0.13
1970,Northern Low–Mid Lats,-0.07
1970,Northern Tropics,0.06
1970,Southern Tropics,0.07
1970,Southern Low–Mid Lats,0.11
1970,Southern Mid Lats,0.03
1970,Antarctic Lats,0.35
1971,Global,-0.08
1971,Northern Hemisphere,-0.15
1971,Southern Hemisphere,-0.01
1971,North Tropics–High,-0.06
1971,Equatorial Band,-0.26
1971,South Tropics–High,0.13
1971,Northern High Lats,-0.08
1971,Northern Mid Lats,0.01
1971,Northern Low–Mid Lats,-0.1
1971,Northern Tropics,-0.3
1971,Southern Tropics,-0.22
1971,Southern Low–Mid Lats,0.03
1971,Southern Mid Lats,0.16
1971,Antarctic Lats,0.49
1972,Global,0.01
1972,Northern Hemisphere,-0.18
1972,Southern Hemisphere,0.2
1972,North Tropics–High,-0.34
1972,Equatorial Band,0.17
1972,South Tropics–High,0.15
1972,Northern High Lats,-0.37
1972,Northern Mid Lats,-0.47
1972,Northern Low–Mid Lats,-0.25
1972,Northern Tropics,0.07
1972,Southern Tropics,0.27
1972,Southern Low–Mid Lats,0.16
1972,Southern Mid Lats,-0.02
1972,Antarctic Lats,0.48
1973,Global,0.16
1973,Northern Hemisphere,0.09
1973,Southern Hemisphere,0.23
1973,North Tropics–High,0.1
1973,Equatorial Band,0.19
1973,South Tropics–High,0.18
1973,Northern High Lats,0.06
1973,Northern Mid Lats,0.27
1973,Northern Low–Mid Lats,0.01
1973,Northern Tropics,0.08
1973,Southern Tropics,0.3
1973,Southern Low–Mid Lats,0.21
1973,Southern Mid Lats,0.08
1973,Antarctic Lats,0.35
1974,Global,-0.07
1974,Northern Hemisphere,-0.18
1974,Southern Hemisphere,0.03
1974,North Tropics–High,-0.14
1974,Equatorial Band,-0.2
1974,South Tropics–High,0.18
1974,Northern High Lats,-0.19
1974,Northern Mid Lats,-0.07
1974,Northern Low–Mid Lats,-0.18
1974,Northern Tropics,-0.23
1974,Southern Tropics,-0.17
1974,Southern Low–Mid Lats,0.21
1974,Southern Mid Lats,-0.08
1974,Antarctic Lats,0.66
1975,Global,-0.01
1975,Northern Hemisphere,-0.05
1975,Southern Hemisphere,0.02
1975,North Tropics–High,0.12
1975,Equatorial Band,-0.24
1975,South Tropics–High,0.16
1975,Northern High Lats,0.1
1975,Northern Mid Lats,0.39
1975,Northern Low–Mid Lats,-0.05
1975,Northern Tropics,-0.31
1975,Southern Tropics,-0.17
1975,Southern Low–Mid Lats,0.13
1975,Southern Mid Lats,0.14
1975,Antarctic Lats,0.31
1976,Global,-0.1
1976,Northern Hemisphere,-0.21
1976,Southern Hemisphere,0.01
1976,North Tropics–High,-0.26
1976,Equatorial Band,-0.11
1976,South Tropics–High,0.09
1976,Northern High Lats,-0.08
1976,Northern Mid Lats,-0.32
1976,Northern Low–Mid Lats,-0.28
1976,Northern Tropics,-0.13
1976,Southern Tropics,-0.1
1976,Southern Low–Mid Lats,0.1
1976,Southern Mid Lats,0.22
1976,Antarctic Lats,-0.22
1977,Global,0.18
1977,Northern Hemisphere,0.12
1977,Southern Hemisphere,0.24
1977,North Tropics–High,0.13
1977,Equatorial Band,0.16
1977,South Tropics–High,0.25
1977,Northern High Lats,0.16
1977,Northern Mid Lats,0.24
1977,Northern Low–Mid Lats,0.06
1977,Northern Tropics,0.1
1977,Southern Tropics,0.22
1977,Southern Low–Mid Lats,0.21
1977,Southern Mid Lats,0.31
1977,Antarctic Lats,0.28
1978,Global,0.07
1978,Northern Hemisphere,0.02
1978,Southern Hemisphere,0.11
1978,North Tropics–High,-0.03
1978,Equatorial Band,0.08
1978,South Tropics–High,0.15
1978,Northern High Lats,-0.16
1978,Northern Mid Lats,0.04
1978,Northern Low–Mid Lats,-0.04
1978,Northern Tropics,0.1
1978,Southern Tropics,0.05
1978,Southern Low–Mid Lats,0.2
1978,Southern Mid Lats,0.13
1978,Antarctic Lats,0.03
1979,Global,0.16
1979,Northern Hemisphere,0.08
1979,Southern Hemisphere,0.25
1979,North Tropics–High,-0.03
1979,Equatorial Band,0.26
1979,South Tropics–High,0.23
1979,Northern High Lats,-0.61
1979,Northern Mid Lats,0.07
1979,Northern Low–Mid Lats,0.08
1979,Northern Tropics,0.26
1979,Southern Tropics,0.27
1979,Southern Low–Mid Lats,0.29
1979,Southern Mid Lats,0.33
1979,Antarctic Lats,-0.21
1980,Global,0.26
1980,Northern Hemisphere,0.17
1980,Southern Hemisphere,0.34
1980,North Tropics–High,0.06
1980,Equatorial Band,0.31
1980,South Tropics–High,0.38
1980,Northern High Lats,0.25
1980,Northern Mid Lats,0.02
1980,Northern Low–Mid Lats,0.02
1980,Northern Tropics,0.33
1980,Southern Tropics,0.29
1980,Southern Low–Mid Lats,0.35
1980,Southern Mid Lats,0.37
1980,Antarctic Lats,0.57
1981,Global,0.32
1981,Northern Hemisphere,0.37
1981,Southern Hemisphere,0.27
1981,North Tropics–High,0.48
1981,Equatorial Band,0.18
1981,South Tropics–High,0.36
1981,Northern High Lats,1.09
1981,Northern Mid Lats,0.79
1981,Northern Low–Mid Lats,0.08
1981,Northern Tropics,0.22
1981,Southern Tropics,0.14
1981,Southern Low–Mid Lats,0.28
1981,Southern Mid Lats,0.39
1981,Antarctic Lats,0.62
1982,Global,0.14
1982,Northern Hemisphere,0.05
1982,Southern Hemisphere,0.23
1982,North Tropics–High,-0.08
1982,Equatorial Band,0.27
1982,South Tropics–High,0.18
1982,Northern High Lats,-0.4
1982,Northern Mid Lats,0.09
1982,Northern Low–Mid Lats,-0.09
1982,Northern Tropics,0.25
1982,Southern Tropics,0.29
1982,Southern Low–Mid Lats,0.18
1982,Southern Mid Lats,0.32
1982,Antarctic Lats,-0.11
1983,Global,0.31
1983,Northern Hemisphere,0.25
1983,Southern Hemisphere,0.38
1983,North Tropics–High,0.22
1983,Equatorial Band,0.43
1983,South Tropics–High,0.25
1983,Northern High Lats,0.18
1983,Northern Mid Lats,0.69
1983,Northern Low–Mid Lats,-0.07
1983,Northern Tropics,0.29
1983,Southern Tropics,0.57
1983,Southern Low–Mid Lats,0.21
1983,Southern Mid Lats,0.41
1983,Antarctic Lats,0.1
1984,Global,0.16
1984,Northern Hemisphere,0.04
1984,Southern Hemisphere,0.27
1984,North Tropics–High,0.01
1984,Equatorial Band,0.18
1984,South Tropics–High,0.26
1984,Northern High Lats,0.36
1984,Northern Mid Lats,0.08
1984,Northern Low–Mid Lats,-0.14
1984,Northern Tropics,0.07
1984,Southern Tropics,0.29
1984,Southern Low–Mid Lats,0.16
1984,Southern Mid Lats,0.32
1984,Antarctic Lats,0.54
1985,Global,0.12
1985,Northern Hemisphere,0
1985,Southern Hemisphere,0.24
1985,North Tropics–High,-0.03
1985,Equatorial Band,0.09
1985,South Tropics–High,0.31
1985,Northern High Lats,0.39
1985,Northern Mid Lats,-0.26
1985,Northern Low–Mid Lats,-0.02
1985,Northern Tropics,0.04
1985,Southern Tropics,0.13
1985,Southern Low–Mid Lats,0.3
1985,Southern Mid Lats,0.44
1985,Antarctic Lats,0.07
1986,Global,0.18
1986,Northern Hemisphere,0.13
1986,Southern Hemisphere,0.23
1986,North Tropics–High,0.1
1986,Equatorial Band,0.22
1986,South Tropics–High,0.2
1986,Northern High Lats,0
1986,Northern Mid Lats,0.28
1986,Northern Low–Mid Lats,0.03
1986,Northern Tropics,0.18
1986,Southern Tropics,0.27
1986,Southern Low–Mid Lats,0.25
1986,Southern Mid Lats,0.25
1986,Antarctic Lats,-0.09
1987,Global,0.32
1987,Northern Hemisphere,0.25
1987,Southern Hemisphere,0.4
1987,North Tropics–High,0.04
1987,Equatorial Band,0.58
1987,South Tropics–High,0.25
1987,Northern High Lats,-0.36
1987,Northern Mid Lats,0.13
1987,Northern Low–Mid Lats,0.12
1987,Northern Tropics,0.55
1987,Southern Tropics,0.62
1987,Southern Low–Mid Lats,0.32
1987,Southern Mid Lats,0.25
1987,Antarctic Lats,0.01
1988,Global,0.39
1988,Northern Hemisphere,0.37
1988,Southern Hemisphere,0.41
1988,North Tropics–High,0.4
1988,Equatorial Band,0.37
1988,South Tropics–High,0.4
1988,Northern High Lats,0.59
1988,Northern Mid Lats,0.57
1988,Northern Low–Mid Lats,0.24
1988,Northern Tropics,0.32
1988,Southern Tropics,0.42
1988,Southern Low–Mid Lats,0.38
1988,Southern Mid Lats,0.2
1988,Antarctic Lats,0.93
1989,Global,0.27
1989,Northern Hemisphere,0.27
1989,Southern Hemisphere,0.28
1989,North Tropics–High,0.4
1989,Equatorial Band,0.13
1989,South Tropics–High,0.34
1989,Northern High Lats,0.32
1989,Northern Mid Lats,0.69
1989,Northern Low–Mid Lats,0.25
1989,Northern Tropics,0.07
1989,Southern Tropics,0.19
1989,Southern Low–Mid Lats,0.36
1989,Southern Mid Lats,0.3
1989,Antarctic Lats,0.41
1990,Global,0.45
1990,Northern Hemisphere,0.53
1990,Southern Hemisphere,0.37
1990,North Tropics–High,0.63
1990,Equatorial Band,0.37
1990,South Tropics–High,0.37
1990,Northern High Lats,0.58
1990,Northern Mid Lats,0.88
1990,Northern Low–Mid Lats,0.49
1990,Northern Tropics,0.38
1990,Southern Tropics,0.36
1990,Southern Low–Mid Lats,0.37
1990,Southern Mid Lats,0.37
1990,Antarctic Lats,0.37
1991,Global,0.41
1991,Northern Hemisphere,0.41
1991,Southern Hemisphere,0.4
1991,North Tropics–High,0.47
1991,Equatorial Band,0.37
1991,South Tropics–High,0.4
1991,Northern High Lats,0.75
1991,Northern Mid Lats,0.66
1991,Northern Low–Mid Lats,0.26
1991,Northern Tropics,0.33
1991,Southern Tropics,0.41
1991,Southern Low–Mid Lats,0.31
1991,Southern Mid Lats,0.29
1991,Antarctic Lats,0.98
1992,Global,0.22
1992,Northern Hemisphere,0.14
1992,Southern Hemisphere,0.31
1992,North Tropics–High,0.09
1992,Equatorial Band,0.29
1992,South Tropics–High,0.27
1992,Northern High Lats,-0.17
1992,Northern Mid Lats,0.44
1992,Northern Low–Mid Lats,-0.03
1992,Northern Tropics,0.2
1992,Southern Tropics,0.37
1992,Southern Low–Mid Lats,0.2
1992,Southern Mid Lats,0.33
1992,Antarctic Lats,0.41
1993,Global,0.23
1993,Northern Hemisphere,0.19
1993,Southern Hemisphere,0.28
1993,North Tropics–High,0.13
1993,Equatorial Band,0.32
1993,South Tropics–High,0.22
1993,Northern High Lats,0.54
1993,Northern Mid Lats,0.29
1993,Northern Low–Mid Lats,-0.11
1993,Northern Tropics,0.29
1993,Southern Tropics,0.36
1993,Southern Low–Mid Lats,0.27
1993,Southern Mid Lats,0.39
1993,Antarctic Lats,-0.28
1994,Global,0.32
1994,Northern Hemisphere,0.37
1994,Southern Hemisphere,0.26
1994,North Tropics–High,0.43
1994,Equatorial Band,0.31
1994,South Tropics–High,0.21
1994,Northern High Lats,0.34
1994,Northern Mid Lats,0.5
1994,Northern Low–Mid Lats,0.42
1994,Northern Tropics,0.28
1994,Southern Tropics,0.34
1994,Southern Low–Mid Lats,0.26
1994,Southern Mid Lats,0.23
1994,Antarctic Lats,-0.02
1995,Global,0.45
1995,Northern Hemisphere,0.58
1995,Southern Hemisphere,0.32
1995,North Tropics–High,0.7
1995,Equatorial Band,0.42
1995,South Tropics–High,0.22
1995,Northern High Lats,1.31
1995,Northern Mid Lats,0.98
1995,Northern Low–Mid Lats,0.32
1995,Northern Tropics,0.4
1995,Southern Tropics,0.44
1995,Southern Low–Mid Lats,0.29
1995,Southern Mid Lats,0.15
1995,Antarctic Lats,0.16
1996,Global,0.33
1996,Northern Hemisphere,0.26
1996,Southern Hemisphere,0.4
1996,North Tropics–High,0.23
1996,Equatorial Band,0.32
1996,South Tropics–High,0.45
1996,Northern High Lats,0.76
1996,Northern Mid Lats,0.17
1996,Northern Low–Mid Lats,0.1
1996,Northern Tropics,0.31
1996,Southern Tropics,0.32
1996,Southern Low–Mid Lats,0.33
1996,Southern Mid Lats,0.28
1996,Antarctic Lats,1.32
1997,Global,0.47
1997,Northern Hemisphere,0.52
1997,Southern Hemisphere,0.42
1997,North Tropics–High,0.53
1997,Equatorial Band,0.51
1997,South Tropics–High,0.34
1997,Northern High Lats,0.76
1997,Northern Mid Lats,0.9
1997,Northern Low–Mid Lats,0.23
1997,Northern Tropics,0.5
1997,Southern Tropics,0.52
1997,Southern Low–Mid Lats,0.42
1997,Southern Mid Lats,0.36
1997,Antarctic Lats,0.04
1998,Global,0.61
1998,Northern Hemisphere,0.71
1998,Southern Hemisphere,0.51
1998,North Tropics–High,0.78
1998,Equatorial Band,0.69
1998,South Tropics–High,0.32
1998,Northern High Lats,0.86
1998,Northern Mid Lats,0.94
1998,Northern Low–Mid Lats,0.66
1998,Northern Tropics,0.6
1998,Southern Tropics,0.79
1998,Southern Low–Mid Lats,0.39
1998,Southern Mid Lats,0.31
1998,Antarctic Lats,0.14
1999,Global,0.38
1999,Northern Hemisphere,0.48
1999,Southern Hemisphere,0.28
1999,North Tropics–High,0.7
1999,Equatorial Band,0.2
1999,South Tropics–High,0.3
1999,Northern High Lats,0.4
1999,Northern Mid Lats,0.8
1999,Northern Low–Mid Lats,0.74
1999,Northern Tropics,0.16
1999,Southern Tropics,0.25
1999,Southern Low–Mid Lats,0.46
1999,Southern Mid Lats,0.19
1999,Antarctic Lats,0.02
2000,Global,0.39
2000,Northern Hemisphere,0.5
2000,Southern Hemisphere,0.29
2000,North Tropics–High,0.7
2000,Equatorial Band,0.24
2000,South Tropics–High,0.29
2000,Northern High Lats,0.97
2000,Northern Mid Lats,0.8
2000,Northern Low–Mid Lats,0.55
2000,Northern Tropics,0.21
2000,Southern Tropics,0.28
2000,Southern Low–Mid Lats,0.42
2000,Southern Mid Lats,0.1
2000,Antarctic Lats,0.27
2001,Global,0.53
2001,Northern Hemisphere,0.64
2001,Southern Hemisphere,0.43
2001,North Tropics–High,0.8
2001,Equatorial Band,0.42
2001,South Tropics–High,0.42
2001,Northern High Lats,1.06
2001,Northern Mid Lats,0.86
2001,Northern Low–Mid Lats,0.68
2001,Northern Tropics,0.4
2001,Southern Tropics,0.44
2001,Southern Low–Mid Lats,0.58
2001,Southern Mid Lats,0.24
2001,Antarctic Lats,0.25
2002,Global,0.63
2002,Northern Hemisphere,0.71
2002,Southern Hemisphere,0.55
2002,North Tropics–High,0.83
2002,Equatorial Band,0.6
2002,South Tropics–High,0.48
2002,Northern High Lats,1.25
2002,Northern Mid Lats,1
2002,Northern Low–Mid Lats,0.58
2002,Northern Tropics,0.55
2002,Southern Tropics,0.64
2002,Southern Low–Mid Lats,0.5
2002,Southern Mid Lats,0.31
2002,Antarctic Lats,0.79
2003,Global,0.62
2003,Northern Hemisphere,0.75
2003,Southern Hemisphere,0.49
2003,North Tropics–High,0.84
2003,Equatorial Band,0.64
2003,South Tropics–High,0.36
2003,Northern High Lats,1.5
2003,Northern Mid Lats,0.98
2003,Northern Low–Mid Lats,0.54
2003,Northern Tropics,0.61
2003,Southern Tropics,0.67
2003,Southern Low–Mid Lats,0.44
2003,Southern Mid Lats,0.24
2003,Antarctic Lats,0.37
2004,Global,0.53
2004,Northern Hemisphere,0.66
2004,Southern Hemisphere,0.41
2004,North Tropics–High,0.73
2004,Equatorial Band,0.55
2004,South Tropics–High,0.32
2004,Northern High Lats,0.46
2004,Northern Mid Lats,0.95
2004,Northern Low–Mid Lats,0.66
2004,Northern Tropics,0.56
2004,Southern Tropics,0.54
2004,Southern Low–Mid Lats,0.48
2004,Southern Mid Lats,0.23
2004,Antarctic Lats,-0.04
2005,Global,0.68
2005,Northern Hemisphere,0.86
2005,Southern Hemisphere,0.5
2005,North Tropics–High,1.01
2005,Equatorial Band,0.62
2005,South Tropics–High,0.42
2005,Northern High Lats,1.99
2005,Northern Mid Lats,1.22
2005,Northern Low–Mid Lats,0.57
2005,Northern Tropics,0.62
2005,Southern Tropics,0.62
2005,Southern Low–Mid Lats,0.49
2005,Southern Mid Lats,0.18
2005,Antarctic Lats,0.68
2006,Global,0.64
2006,Northern Hemisphere,0.82
2006,Southern Hemisphere,0.46
2006,North Tropics–High,0.99
2006,Equatorial Band,0.56
2006,South Tropics–High,0.4
2006,Northern High Lats,1.76
2006,Northern Mid Lats,1.06
2006,Northern Low–Mid Lats,0.7
2006,Northern Tropics,0.57
2006,Southern Tropics,0.55
2006,Southern Low–Mid Lats,0.51
2006,Southern Mid Lats,0.19
2006,Antarctic Lats,0.45
2007,Global,0.67
2007,Northern Hemisphere,0.85
2007,Southern Hemisphere,0.48
2007,North Tropics–High,1.12
2007,Equatorial Band,0.46
2007,South Tropics–High,0.48
2007,Northern High Lats,2.08
2007,Northern Mid Lats,1.32
2007,Northern Low–Mid Lats,0.69
2007,Northern Tropics,0.45
2007,Southern Tropics,0.48
2007,Southern Low–Mid Lats,0.5
2007,Southern Mid Lats,0.07
2007,Antarctic Lats,1.28
2008,Global,0.54
2008,Northern Hemisphere,0.68
2008,Southern Hemisphere,0.41
2008,North Tropics–High,0.91
2008,Equatorial Band,0.38
2008,South Tropics–High,0.4
2008,Northern High Lats,1.53
2008,Northern Mid Lats,1.07
2008,Northern Low–Mid Lats,0.61
2008,Northern Tropics,0.33
2008,Southern Tropics,0.42
2008,Southern Low–Mid Lats,0.53
2008,Southern Mid Lats,0.08
2008,Antarctic Lats,0.64
2009,Global,0.66
2009,Northern Hemisphere,0.72
2009,Southern Hemisphere,0.59
2009,North Tropics–High,0.78
2009,Equatorial Band,0.68
2009,South Tropics–High,0.51
2009,Northern High Lats,1.42
2009,Northern Mid Lats,0.6
2009,Northern Low–Mid Lats,0.68
2009,Northern Tropics,0.65
2009,Southern Tropics,0.71
2009,Southern Low–Mid Lats,0.6
2009,Southern Mid Lats,0.15
2009,Antarctic Lats,0.99
2010,Global,0.73
2010,Northern Hemisphere,0.9
2010,Southern Hemisphere,0.55
2010,North Tropics–High,1.03
2010,Equatorial Band,0.68
2010,South Tropics–High,0.48
2010,Northern High Lats,2.24
2010,Northern Mid Lats,0.87
2010,Northern Low–Mid Lats,0.74
2010,Northern Tropics,0.72
2010,Southern Tropics,0.65
2010,Southern Low–Mid Lats,0.63
2010,Southern Mid Lats,0.2
2010,Antarctic Lats,0.54
2011,Global,0.61
2011,Northern Hemisphere,0.74
2011,Southern Hemisphere,0.47
2011,North Tropics–High,0.98
2011,Equatorial Band,0.37
2011,South Tropics–High,0.56
2011,Northern High Lats,2.32
2011,Northern Mid Lats,0.94
2011,Northern Low–Mid Lats,0.58
2011,Northern Tropics,0.39
2011,Southern Tropics,0.35
2011,Southern Low–Mid Lats,0.64
2011,Southern Mid Lats,0.19
2011,Antarctic Lats,1.1
2012,Global,0.65
2012,Northern Hemisphere,0.8
2012,Southern Hemisphere,0.49
2012,North Tropics–High,1.03
2012,Equatorial Band,0.52
2012,South Tropics–High,0.43
2012,Northern High Lats,2.13
2012,Northern Mid Lats,0.93
2012,Northern Low–Mid Lats,0.74
2012,Northern Tropics,0.48
2012,Southern Tropics,0.57
2012,Southern Low–Mid Lats,0.56
2012,Southern Mid Lats,0.2
2012,Antarctic Lats,0.46
2013,Global,0.68
2013,Northern Hemisphere,0.8
2013,Southern Hemisphere,0.56
2013,North Tropics–High,0.94
2013,Equatorial Band,0.58
2013,South Tropics–High,0.54
2013,Northern High Lats,1.53
2013,Northern Mid Lats,1.04
2013,Northern Low–Mid Lats,0.69
2013,Northern Tropics,0.58
2013,Southern Tropics,0.58
2013,Southern Low–Mid Lats,0.63
2013,Southern Mid Lats,0.23
2013,Antarctic Lats,0.88
2014,Global,0.75
2014,Northern Hemisphere,0.92
2014,Southern Hemisphere,0.58
2014,North Tropics–High,1.08
2014,Equatorial Band,0.67
2014,South Tropics–High,0.53
2014,Northern High Lats,2.05
2014,Northern Mid Lats,1.14
2014,Northern Low–Mid Lats,0.73
2014,Northern Tropics,0.69
2014,Southern Tropics,0.65
2014,Southern Low–Mid Lats,0.72
2014,Southern Mid Lats,0.19
2014,Antarctic Lats,0.56
2015,Global,0.9
2015,Northern Hemisphere,1.18
2015,Southern Hemisphere,0.63
2015,North Tropics–High,1.32
2015,Equatorial Band,0.96
2015,South Tropics–High,0.4
2015,Northern High Lats,2.02
2015,Northern Mid Lats,1.48
2015,Northern Low–Mid Lats,0.99
2015,Northern Tropics,0.98
2015,Southern Tropics,0.94
2015,Southern Low–Mid Lats,0.75
2015,Southern Mid Lats,0.2
2015,Antarctic Lats,-0.34
2016,Global,1.01
2016,Northern Hemisphere,1.31
2016,Southern Hemisphere,0.73
2016,North Tropics–High,1.54
2016,Equatorial Band,1.01
2016,South Tropics–High,0.49
2016,Northern High Lats,3.25
2016,Northern Mid Lats,1.43
2016,Northern Low–Mid Lats,1.07
2016,Northern Tropics,0.96
2016,Southern Tropics,1.06
2016,Southern Low–Mid Lats,0.67
2016,Southern Mid Lats,0.28
2016,Antarctic Lats,0.37
2017,Global,0.92
2017,Northern Hemisphere,1.17
2017,Southern Hemisphere,0.67
2017,North Tropics–High,1.38
2017,Equatorial Band,0.81
2017,South Tropics–High,0.6
2017,Northern High Lats,2.5
2017,Northern Mid Lats,1.38
2017,Northern Low–Mid Lats,1.03
2017,Northern Tropics,0.86
2017,Southern Tropics,0.76
2017,Southern Low–Mid Lats,0.76
2017,Southern Mid Lats,0.38
2017,Antarctic Lats,0.52
2018,Global,0.85
2018,Northern Hemisphere,1.04
2018,Southern Hemisphere,0.66
2018,North Tropics–High,1.25
2018,Equatorial Band,0.68
2018,South Tropics–High,0.69
2018,Northern High Lats,2.16
2018,Northern Mid Lats,1.09
2018,Northern Low–Mid Lats,1.06
2018,Northern Tropics,0.74
2018,Southern Tropics,0.62
2018,Southern Low–Mid Lats,0.79
2018,Southern Mid Lats,0.41
2018,Antarctic Lats,0.91
2019,Global,0.98
2019,Northern Hemisphere,1.22
2019,Southern Hemisphere,0.75
2019,North Tropics–High,1.43
2019,Equatorial Band,0.9
2019,South Tropics–High,0.64
2019,Northern High Lats,2.77
2019,Northern Mid Lats,1.43
2019,Northern Low–Mid Lats,1
2019,Northern Tropics,0.91
2019,Southern Tropics,0.89
2019,Southern Low–Mid Lats,0.74
2019,Southern Mid Lats,0.41
2019,Antarctic Lats,0.8
2020,Global,1.01
2020,Northern Hemisphere,1.34
2020,Southern Hemisphere,0.67
2020,North Tropics–High,1.66
2020,Equatorial Band,0.85
2020,South Tropics–High,0.57
2020,Northern High Lats,2.86
2020,Northern Mid Lats,1.8
2020,Northern Low–Mid Lats,1.19
2020,Northern Tropics,0.88
2020,Southern Tropics,0.82
2020,Southern Low–Mid Lats,0.59
2020,Southern Mid Lats,0.4
2020,Antarctic Lats,0.85
2021,Global,0.85
2021,Northern Hemisphere,1.14
2021,Southern Hemisphere,0.55
2021,North Tropics–High,1.43
2021,Equatorial Band,0.65
2021,South Tropics–High,0.53
2021,Northern High Lats,2.07
2021,Northern Mid Lats,1.36
2021,Northern Low–Mid Lats,1.27
2021,Northern Tropics,0.72
2021,Southern Tropics,0.58
2021,Southern Low–Mid Lats,0.73
2021,Southern Mid Lats,0.33
2021,Antarctic Lats,0.3
2022,Global,0.9
2022,Northern Hemisphere,1.16
2022,Southern Hemisphere,0.62
2022,North Tropics–High,1.52
2022,Equatorial Band,0.57
2022,South Tropics–High,0.71
2022,Northern High Lats,2.35
2022,Northern Mid Lats,1.5
2022,Northern Low–Mid Lats,1.27
2022,Northern Tropics,0.63
2022,Southern Tropics,0.5
2022,Southern Low–Mid Lats,0.79
2022,Southern Mid Lats,0.41
2022,Antarctic Lats,1.08
2023,Global,1.17
2023,Northern Hemisphere,1.5
2023,Southern Hemisphere,0.86
2023,North Tropics–High,1.78
2023,Equatorial Band,1.06
2023,South Tropics–High,0.72
2023,Northern High Lats,2.57
2023,Northern Mid Lats,1.86
2023,Northern Low–Mid Lats,1.47
2023,Northern Tropics,1.08
2023,Southern Tropics,1.04
2023,Southern Low–Mid Lats,0.9
2023,Southern Mid Lats,0.46
2023,Antarctic Lats,0.62
2024,Global,1.28
2024,Northern Hemisphere,1.65
2024,Southern Hemisphere,0.91
2024,North Tropics–High,1.95
2024,Equatorial Band,1.19
2024,South Tropics–High,0.74
2024,Northern High Lats,2.9
2024,Northern Mid Lats,1.95
2024,Northern Low–Mid Lats,1.65
2024,Northern Tropics,1.22
2024,Southern Tropics,1.16
2024,Southern Low–Mid Lats,0.88
2024,Southern Mid Lats,0.54
2024,Antarctic Lats,0.68
2025,Global,1.19
2025,Northern Hemisphere,1.49
2025,Southern Hemisphere,0.89
2025,North Tropics–High,1.92
2025,Equatorial Band,0.85
2025,South Tropics–High,0.92
2025,Northern High Lats,3
2025,Northern Mid Lats,1.99
2025,Northern Low–Mid Lats,1.53
2025,Northern Tropics,0.85
2025,Southern Tropics,0.85
2025,Southern Low–Mid Lats,0.97
2025,Southern Mid Lats,0.55
2025,Antarctic Lats,1.57
